1,Brandywine Shaker,0,1,BS,Brandywine Shaker.jpg,0,0,0,1
2,Espresso Shaker,100,2,ESP,Germantown Expresso.jpg,0,0,0,1
3,Espresso Shaker,90,2,ESP,Germantown Expresso.jpg,0,0,0,1
4,Espresso Shaker,95,2,ESP,Germantown Expresso.jpg,0,0,0,1
5,Espresso Shaker,100,1,ESP,Germantown Expresso.jpg,0,0,0,1
6,Espresso Shaker,100,2,ESP,Germantown Expresso.jpg,0,0,0,1
7,Espresso Shaker,105,2,ESP,Germantown Expresso.jpg,0,0,0,1
8,Espresso Shaker,110,2,ESP,Germantown Expresso.jpg,0,0,0,1
9,Espresso Shaker,115,2,ESP,Germantown Expresso.jpg,0,0,0,1
10,Espresso Shaker,120,2,ESP,Germantown Expresso.jpg,0,0,0,1
11,Espresso Shaker,140,2,ESP,Germantown Expresso.jpg,0,0,0,1
12,Espresso Shaker,150,2,ESP,Germantown Expresso.jpg,0,0,0,1
13,Espresso Shaker,160,2,ESP,Germantown Expresso.jpg,0,0,0,1
14,Espresso Shaker,130,2,ESP,Germantown Expresso.jpg,0,0,0,1
15,Espresso Shaker,140,2,ESP,Germantown Expresso.jpg,0,0,0,1
16,Espresso Shaker,150,2,ESP,Germantown Expresso.jpg,0,0,0,1
17,Espresso Shaker Includes Assembly,50,2,ESP,Germantown Expresso.jpg,0,0,0,1
18,Espresso Shaker Includes Assembly,60,2,ESP,Germantown Expresso.jpg,0,0,0,1
19,Espresso Shaker Includes Assembly,150,2,ESP,Germantown Expresso.jpg,0,0,0,1
20,Espresso Shaker Includes Assembly,160,2,ESP,Germantown Expresso.jpg,0,0,0,1
21,Espresso Shaker Includes Assembly,170,2,ESP,Germantown Expresso.jpg,0,0,0,1
22,Espresso Shaker Includes Assembly,175,2,ESP,Germantown Expresso.jpg,0,0,0,1
23,Espresso Shaker Includes Assembly,180,2,ESP,Germantown Expresso.jpg,0,0,0,1
24,Espresso Shaker Includes Assembly,190,2,ESP,Germantown Expresso.jpg,0,0,0,1
25,Espresso Shaker Includes Assembly,195,2,ESP,Germantown Expresso.jpg,0,0,0,1
26,Espresso Shaker Includes Assembly,200,2,ESP,Germantown Expresso.jpg,0,0,0,1
27,Espresso Shaker Includes Assembly,205,2,ESP,Germantown Expresso.jpg,0,0,0,1
28,Espresso Shaker Includes Assembly,50,2,ESP,Germantown Expresso.jpg,0,0,0,1
29,Espresso Shaker Includes Assembly,50,2,ESP,Germantown Expresso.jpg,0,0,0,1
30,Espresso Shaker Includes Assembly,80,2,ESP,Germantown Expresso.jpg,0,0,0,1
31,Espresso Shaker Includes Assembly,80,2,ESP,Germantown Expresso.jpg,0,0,0,1
32,Espresso Shaker Includes Assembly,80,2,ESP,Germantown Expresso.jpg,0,0,0,1
33,Espresso Shaker Includes Assembly,100,2,ESP,Germantown Expresso.jpg,0,0,0,1
34,Espresso Shaker Includes Assembly,125,2,ESP,Germantown Expresso.jpg,0,0,0,1
35,Espresso Shaker Includes Assembly,125,2,ESP,Germantown Expresso.jpg,0,0,0,1
36,Espresso Shaker Includes Assembly,100,2,ESP,Germantown Expresso.jpg,0,0,0,1
37,Espresso Shaker Includes Assembly,150,2,ESP,Germantown Expresso.jpg,0,0,0,1
38,Espresso Shaker Includes Assembly,100,2,ESP,Germantown Expresso.jpg,0,0,0,1
39,Espresso Shaker Includes Assembly,150,2,ESP,Germantown Expresso.jpg,0,0,0,1
40,Espresso Shaker Includes Assembly,200,2,ESP,Germantown Expresso.jpg,0,0,0,1
41,Espresso Shaker Includes Assembly,220,2,ESP,Germantown Expresso.jpg,0,0,0,1
42,Espresso Shaker Includes Assembly,240,2,ESP,Germantown Expresso.jpg,0,0,0,1
43,Espresso Shaker Includes Assembly,290,2,ESP,Germantown Expresso.jpg,0,0,0,1
44,Espresso Shaker Includes Assembly,310,2,ESP,Germantown Expresso.jpg,0,0,0,1
45,Espresso Shaker Includes Assembly,230,2,ESP,Germantown Expresso.jpg,0,0,0,1
46,Espresso Shaker Includes Assembly,250,2,ESP,Germantown Expresso.jpg,0,0,0,1
47,Espresso Shaker Includes Assembly,270,2,ESP,Germantown Expresso.jpg,0,0,0,1
48,Espresso Shaker Includes Assembly,300,2,ESP,Germantown Expresso.jpg,0,0,0,1
49,Espresso Shaker Includes Assembly,40,2,ESP,Germantown Expresso.jpg,0,0,0,1
50,Espresso Shaker Includes Assembly,50,2,ESP,Germantown Expresso.jpg,0,0,0,1
51,Espresso Shaker Includes Assembly,60,2,ESP,Germantown Expresso.jpg,0,0,0,1
52,Espresso Shaker Includes Assembly,70,2,ESP,Germantown Expresso.jpg,0,0,0,1
53,Espresso Shaker Includes Assembly,65,2,ESP,Germantown Expresso.jpg,0,0,0,1
54,Espresso Shaker Includes Assembly,70,2,ESP,Germantown Expresso.jpg,0,0,0,1
55,Espresso Shaker Includes Assembly,75,2,ESP,Germantown Expresso.jpg,0,0,0,1
56,Espresso Shaker Includes Assembly,75,2,ESP,Germantown Expresso.jpg,0,0,0,1
57,Espresso Shaker Includes Assembly,80,2,ESP,Germantown Expresso.jpg,0,0,0,1
58,Espresso Shaker Includes Assembly,85,2,ESP,Germantown Expresso.jpg,0,0,0,1
59,Espresso Shaker Includes Assembly,90,2,ESP,Germantown Expresso.jpg,0,0,0,1
60,Espresso Shaker Includes Assembly,95,2,ESP,Germantown Expresso.jpg,0,0,0,1
61,Espresso Shaker Includes Assembly,100,2,ESP,Germantown Expresso.jpg,0,0,0,1
62,Espresso Shaker Includes Assembly,105,2,ESP,Germantown Expresso.jpg,0,0,0,1
63,Espresso Shaker Includes Assembly,55,2,ESP,Germantown Expresso.jpg,0,0,0,1
64,Espresso Shaker Includes Assembly,55,2,ESP,Germantown Expresso.jpg,0,0,0,1
65,Espresso Shaker Includes Assembly,60,2,ESP,Germantown Expresso.jpg,0,0,0,1
66,Espresso Shaker Includes Assembly,70,2,ESP,Germantown Expresso.jpg,0,0,0,1
67,Espresso Shaker Includes Assembly,75,2,ESP,Germantown Expresso.jpg,0,0,0,1
68,Espresso Shaker Includes Assembly,80,2,ESP,Germantown Expresso.jpg,0,0,0,1
69,Espresso Shaker Includes Assembly,100,2,ESP,Germantown Expresso.jpg,0,0,0,1
70,Espresso Shaker Includes Assembly,90,2,ESP,Germantown Expresso.jpg,0,0,0,1
71,Espresso Shaker Includes Assembly,95,2,ESP,Germantown Expresso.jpg,0,0,0,1
72,Espresso Shaker Includes Assembly,100,2,ESP,Germantown Expresso.jpg,0,0,0,1
73,Espresso Shaker Includes Assembly,100,2,ESP,Germantown Expresso.jpg,0,0,0,1
74,Espresso Shaker Includes Assembly,110,2,ESP,Germantown Expresso.jpg,0,0,0,1
75,Espresso Shaker Includes Assembly,115,2,ESP,Germantown Expresso.jpg,0,0,0,1
76,Espresso Shaker Includes Assembly,55,2,ESP,Germantown Expresso.jpg,0,0,0,1
77,Espresso Shaker Includes Assembly,55,2,ESP,Germantown Expresso.jpg,0,0,0,1
78,Espresso Shaker Includes Assembly,70,2,ESP,Germantown Expresso.jpg,0,0,0,1
79,Espresso Shaker Includes Assembly,70,2,ESP,Germantown Expresso.jpg,0,0,0,1
80,Espresso Shaker Includes Assembly,75,2,ESP,Germantown Expresso.jpg,0,0,0,1
81,Espresso Shaker Includes Assembly,100,2,ESP,Germantown Expresso.jpg,0,0,0,1
82,Espresso Shaker Includes Assembly,90,2,ESP,Germantown Expresso.jpg,0,0,0,1
83,Espresso Shaker Includes Assembly,100,2,ESP,Germantown Expresso.jpg,0,0,0,1
84,Espresso Shaker Includes Assembly,100,2,ESP,Germantown Expresso.jpg,0,0,0,1
85,Espresso Shaker Includes Assembly,110,2,ESP,Germantown Expresso.jpg,0,0,0,1
86,Espresso Shaker Includes Assembly,110,2,ESP,Germantown Expresso.jpg,0,0,0,1
87,Espresso Shaker Includes Assembly,110,2,ESP,Germantown Expresso.jpg,0,0,0,1
88,Espresso Shaker Includes Assembly,110,2,ESP,Germantown Expresso.jpg,0,0,0,1
89,Espresso Shaker Includes Assembly,115,2,ESP,Germantown Expresso.jpg,0,0,0,1
90,Espresso Shaker Includes Assembly,90,2,ESP,Germantown Expresso.jpg,0,0,0,1
91,Espresso Shaker Includes Assembly,100,2,ESP,Germantown Expresso.jpg,0,0,0,1
92,Espresso Shaker Includes Assembly,110,2,ESP,Germantown Expresso.jpg,0,0,0,1
93,Espresso Shaker Includes Assembly,110,2,ESP,Germantown Expresso.jpg,0,0,0,1
94,Espresso Shaker Includes Assembly,115,2,ESP,Germantown Expresso.jpg,0,0,0,1
95,Espresso Shaker Includes Assembly,115,2,ESP,Germantown Expresso.jpg,0,0,0,1
96,Espresso Shaker Includes Assembly,110,2,ESP,Germantown Expresso.jpg,0,0,0,1
97,Espresso Shaker Includes Assembly,115,2,ESP,Germantown Expresso.jpg,0,0,0,1
98,Espresso Shaker Includes Assembly,110,2,ESP,Germantown Expresso.jpg,0,0,0,1
99,Espresso Shaker Includes Assembly,55,2,ESP,Germantown Expresso.jpg,0,0,0,1
100,Espresso Shaker Includes Assembly,60,2,ESP,Germantown Expresso.jpg,0,0,0,1
101,Espresso Shaker Includes Assembly,80,2,ESP,Germantown Expresso.jpg,0,0,0,1
102,Espresso Shaker Includes Assembly,80,2,ESP,Germantown Expresso.jpg,0,0,0,1
103,Espresso Shaker Includes Assembly,85,2,ESP,Germantown Expresso.jpg,0,0,0,1
104,Espresso Shaker Includes Assembly,90,2,ESP,Germantown Expresso.jpg,0,0,0,1
105,Espresso Shaker Includes Assembly,105,2,ESP,Germantown Expresso.jpg,0,0,0,1
106,Espresso Shaker Includes Assembly,90,2,ESP,Germantown Expresso.jpg,0,0,0,1
107,Espresso Shaker Includes Assembly,100,2,ESP,Germantown Expresso.jpg,0,0,0,1
108,Espresso Shaker Includes Assembly,105,2,ESP,Germantown Expresso.jpg,0,0,0,1
109,Espresso Shaker Includes Assembly,60,2,ESP,Germantown Expresso.jpg,0,0,0,1
110,Espresso Shaker Includes Assembly,80,2,ESP,Germantown Expresso.jpg,0,0,0,1
111,Espresso Shaker Includes Assembly,95,2,ESP,Germantown Expresso.jpg,0,0,0,1
112,Espresso Shaker Includes Assembly,70,2,ESP,Germantown Expresso.jpg,0,0,0,1
113,Espresso Shaker Includes Assembly,80,2,ESP,Germantown Expresso.jpg,0,0,0,1
114,Espresso Shaker Includes Assembly,80,2,ESP,Germantown Expresso.jpg,0,0,0,1
115,Espresso Shaker Includes Assembly,80,2,ESP,Germantown Expresso.jpg,0,0,0,1
116,Espresso Shaker Includes Assembly,90,2,ESP,Germantown Expresso.jpg,0,0,0,1
117,Espresso Shaker Includes Assembly,90,2,ESP,Germantown Expresso.jpg,0,0,0,1
118,Espresso Shaker Includes Assembly,90,2,ESP,Germantown Expresso.jpg,0,0,0,1
119,Espresso Shaker Includes Assembly,60,2,ESP,Germantown Expresso.jpg,0,0,0,1
120,Espresso Shaker Includes Assembly,70,2,ESP,Germantown Expresso.jpg,0,0,0,1
121,Espresso Shaker Includes Assembly,60,2,ESP,Germantown Expresso.jpg,0,0,0,1
122,Espresso Shaker Includes Assembly,70,2,ESP,Germantown Expresso.jpg,0,0,0,1
123,Espresso Shaker Includes Assembly,70,2,ESP,Germantown Expresso.jpg,0,0,0,1
124,Espresso Shaker Includes Assembly,70,2,ESP,Germantown Expresso.jpg,0,0,0,1
125,Espresso Shaker Includes Assembly,55,2,ESP,Germantown Expresso.jpg,0,0,0,1
126,Espresso Shaker Includes Assembly,55,2,ESP,Germantown Expresso.jpg,0,0,0,1
127,Espresso Shaker Includes Assembly,55,2,ESP,Germantown Expresso.jpg,0,0,0,1
128,Espresso Shaker Includes Assembly,70,2,ESP,Germantown Expresso.jpg,0,0,0,1
129,Espresso Shaker Includes Assembly,60,2,ESP,Germantown Expresso.jpg,0,0,0,1
130,Espresso Shaker Includes Assembly,60,2,ESP,Germantown Expresso.jpg,0,0,0,1
131,Espresso Shaker Includes Assembly,70,2,ESP,Germantown Expresso.jpg,0,0,0,1
132,Espresso Shaker Includes Assembly,70,2,ESP,Germantown Expresso.jpg,0,0,0,1
133,Espresso Shaker Includes Assembly,70,2,ESP,Germantown Expresso.jpg,0,0,0,1
134,Espresso Shaker Includes Assembly,70,2,ESP,Germantown Expresso.jpg,0,0,0,1
135,Espresso Shaker Includes Assembly,80,2,ESP,Germantown Expresso.jpg,0,0,0,1
136,Espresso Shaker Includes Assembly,80,2,ESP,Germantown Expresso.jpg,0,0,0,1
137,Espresso Shaker Includes Assembly,80,2,ESP,Germantown Expresso.jpg,0,0,0,1
138,Espresso Shaker Includes Assembly,85,2,ESP,Germantown Expresso.jpg,0,0,0,1
139,Espresso Shaker Includes Assembly,90,2,ESP,Germantown Expresso.jpg,0,0,0,1
140,Espresso Shaker Includes Assembly,95,2,ESP,Germantown Expresso.jpg,0,0,0,1
141,Espresso Shaker Includes Assembly,95,2,ESP,Germantown Expresso.jpg,0,0,0,1
142,Espresso Shaker Includes Assembly,105,2,ESP,Germantown Expresso.jpg,0,0,0,1
143,Espresso Shaker Includes Assembly,115,2,ESP,Germantown Expresso.jpg,0,0,0,1
144,Espresso Shaker Includes Assembly,120,2,ESP,Germantown Expresso.jpg,0,0,0,1
145,Espresso Shaker Includes Assembly,130,2,ESP,Germantown Expresso.jpg,0,0,0,1
146,Espresso Shaker Includes Assembly,135,2,ESP,Germantown Expresso.jpg,0,0,0,1
147,Espresso Shaker Includes Assembly,165,2,ESP,Germantown Expresso.jpg,0,0,0,1
148,Espresso Shaker Includes Assembly,165,2,ESP,Germantown Expresso.jpg,0,0,0,1
149,Espresso Shaker Includes Assembly,165,2,ESP,Germantown Expresso.jpg,0,0,0,1
150,Espresso Shaker Includes Assembly,165,2,ESP,Germantown Expresso.jpg,0,0,0,1
151,Espresso Shaker Includes Assembly,165,2,ESP,Germantown Expresso.jpg,0,0,0,1
152,Espresso Shaker Includes Assembly,175,2,ESP,Germantown Expresso.jpg,0,0,0,1
153,Espresso Shaker Includes Assembly,175,2,ESP,Germantown Expresso.jpg,0,0,0,1
154,Espresso Shaker Includes Assembly,190,2,ESP,Germantown Expresso.jpg,0,0,0,1
155,Espresso Shaker Includes Assembly,190,2,ESP,Germantown Expresso.jpg,0,0,0,1
156,Espresso Shaker Includes Assembly,310,2,ESP,Germantown Expresso.jpg,0,0,0,1
157,Espresso Shaker Includes Assembly,310,2,ESP,Germantown Expresso.jpg,0,0,0,1
158,Espresso Shaker Includes Assembly,190,2,ESP,Germantown Expresso.jpg,0,0,0,1
159,Espresso Shaker Includes Assembly,190,2,ESP,Germantown Expresso.jpg,0,0,0,1
160,Espresso Shaker Includes Assembly,60,2,ESP,Germantown Expresso.jpg,0,0,0,1
161,Espresso Shaker Includes Assembly,65,2,ESP,Germantown Expresso.jpg,0,0,0,1
162,Espresso Shaker Includes Assembly,75,2,ESP,Germantown Expresso.jpg,0,0,0,1
163,Espresso Shaker Includes Assembly,75,2,ESP,Germantown Expresso.jpg,0,0,0,1
164,Espresso Shaker Includes Assembly,90,2,ESP,Germantown Expresso.jpg,0,0,0,1
165,Espresso Shaker Includes Assembly,140,2,ESP,Germantown Expresso.jpg,0,0,0,1
166,Espresso Shaker Includes Assembly,15,2,ESP,Germantown Expresso.jpg,0,0,0,1
167,Espresso Shaker Includes Assembly,25,2,ESP,Germantown Expresso.jpg,0,0,0,1
168,Espresso Shaker Includes Assembly,30,2,ESP,Germantown Expresso.jpg,0,0,0,1
169,Espresso Shaker Includes Assembly,25,2,ESP,Germantown Expresso.jpg,0,0,0,1
170,Espresso Shaker Includes Assembly,25,2,ESP,Germantown Expresso.jpg,0,0,0,1
171,Espresso Shaker Includes Assembly,25,2,ESP,Germantown Expresso.jpg,0,0,0,1
172,Espresso Shaker Includes Assembly,35,2,ESP,Germantown Expresso.jpg,0,0,0,1
173,Espresso Shaker Includes Assembly,60,2,ESP,Germantown Expresso.jpg,0,0,0,1
174,Espresso Shaker Includes Assembly,15,2,ESP,Germantown Expresso.jpg,0,0,0,1
175,Espresso Shaker Includes Assembly,15,2,ESP,Germantown Expresso.jpg,0,0,0,1
176,Espresso Shaker Includes Assembly,35,2,ESP,Germantown Expresso.jpg,0,0,0,1
177,Espresso Shaker Includes Assembly,30,2,ESP,Germantown Expresso.jpg,0,0,0,1
178,Espresso Shaker Includes Assembly,55,2,ESP,Germantown Expresso.jpg,0,0,0,1
179,Espresso Shaker Includes Assembly,20,2,ESP,Germantown Expresso.jpg,0,0,0,1
180,Espresso Shaker Includes Assembly,40,2,ESP,Germantown Expresso.jpg,0,0,0,1
181,Espresso Shaker Includes Assembly,15,2,ESP,Germantown Expresso.jpg,0,0,0,1
182,Espresso Shaker Includes Assembly,15,2,ESP,Germantown Expresso.jpg,0,0,0,1
183,Espresso Shaker Includes Assembly,20,2,ESP,Germantown Expresso.jpg,0,0,0,1
184,Espresso Shaker Includes Assembly,25,2,ESP,Germantown Expresso.jpg,0,0,0,1
185,Espresso Shaker Includes Assembly,15,2,ESP,Germantown Expresso.jpg,0,0,0,1
186,Espresso Shaker Includes Assembly,35,2,ESP,Germantown Expresso.jpg,0,0,0,1
187,Espresso Shaker Includes Assembly,15,2,ESP,Germantown Expresso.jpg,0,0,0,1
188,Espresso Shaker Includes Assembly,20,2,ESP,Germantown Expresso.jpg,0,0,0,1
189,Espresso Shaker Includes Assembly,15,2,ESP,Germantown Expresso.jpg,0,0,0,1
190,Espresso Shaker Includes Assembly,45,2,ESP,Germantown Expresso.jpg,0,0,0,1
191,Espresso Shaker Includes Assembly,50,2,ESP,Germantown Expresso.jpg,0,0,0,1
192,Espresso Shaker Includes Assembly,45,2,ESP,Germantown Expresso.jpg,0,0,0,1
193,Espresso Shaker Includes Assembly,35,2,ESP,Germantown Expresso.jpg,0,0,0,1
194,Espresso Shaker Includes Assembly,65,2,ESP,Germantown Expresso.jpg,0,0,0,1
195,Espresso Shaker Includes Assembly,45,2,ESP,Germantown Expresso.jpg,0,0,0,1
196,Espresso Shaker Includes Assembly,35,2,ESP,Germantown Expresso.jpg,0,0,0,1
197,Espresso Shaker Includes Assembly,35,2,ESP,Germantown Expresso.jpg,0,0,0,1
198,Espresso Shaker Includes Assembly,40,2,ESP,Germantown Expresso.jpg,0,0,0,1
199,Espresso Shaker Includes Assembly,20,2,ESP,Germantown Expresso.jpg,0,0,0,1
200,Espresso Shaker Includes Assembly,40,2,ESP,Germantown Expresso.jpg,0,0,0,1
201,Espresso Shaker Includes Assembly,55,2,ESP,Germantown Expresso.jpg,0,0,0,1
202,Espresso Shaker Includes Assembly,20,2,ESP,Germantown Expresso.jpg,0,0,0,1
203,Espresso Shaker Includes Assembly,45,2,ESP,Germantown Expresso.jpg,0,0,0,1
204,Espresso Shaker Includes Assembly,25,2,ESP,Germantown Expresso.jpg,0,0,0,1
205,Espresso Shaker Includes Assembly,25,2,ESP,Germantown Expresso.jpg,0,0,0,1
206,Espresso Shaker Includes Assembly,25,2,ESP,Germantown Expresso.jpg,0,0,0,1
207,Espresso Shaker Includes Assembly,35,2,ESP,Germantown Expresso.jpg,0,0,0,1
208,Espresso Shaker Includes Assembly,40,2,ESP,Germantown Expresso.jpg,0,0,0,1
209,Espresso Shaker Includes Assembly,45,2,ESP,Germantown Expresso.jpg,0,0,0,1
210,Espresso Shaker Includes Assembly,10,2,ESP,Germantown Expresso.jpg,0,0,0,1
211,Espresso Shaker Includes Assembly,10,2,ESP,Germantown Expresso.jpg,0,0,0,1
212,Espresso Shaker Includes Assembly,15,2,ESP,Germantown Expresso.jpg,0,0,0,1
213,Espresso Shaker Includes Assembly,25,2,ESP,Germantown Expresso.jpg,0,0,0,1
214,Espresso Shaker Includes Assembly,15,2,ESP,Germantown Expresso.jpg,0,0,0,1
215,Espresso Shaker Includes Assembly,15,2,ESP,Germantown Expresso.jpg,0,0,0,1
216,Espresso Shaker Includes Assembly,70,2,ESP,Germantown Expresso.jpg,0,0,0,1
217,Espresso Shaker Includes Assembly,0,2,ESP,Germantown Expresso.jpg,0,0,0,1
218,Espresso Shaker Includes Assembly,75,2,ESP,Germantown Expresso.jpg,0,0,0,1
219,Espresso Shaker Includes Assembly,75,2,ESP,Germantown Expresso.jpg,0,0,0,1
220,Espresso Shaker Includes Assembly,75,2,ESP,Germantown Expresso.jpg,0,0,0,1
221,Espresso Shaker Includes Assembly,75,2,ESP,Germantown Expresso.jpg,0,0,0,1
222,Espresso Shaker Includes Assembly,75,2,ESP,Germantown Expresso.jpg,0,0,0,1
223,Espresso Shaker Includes Assembly,75,2,ESP,Germantown Expresso.jpg,0,0,0,1
224,Espresso Shaker Includes Assembly,75,2,ESP,Germantown Expresso.jpg,0,0,0,1
225,Espresso Shaker Includes Assembly,75,2,ESP,Germantown Expresso.jpg,0,0,0,1
226,Espresso Shaker Includes Assembly,75,2,ESP,Germantown Expresso.jpg,0,0,0,1
227,Espresso Shaker Includes Assembly,75,2,ESP,Germantown Expresso.jpg,0,0,0,1
228,Espresso Shaker Includes Assembly,135,2,ESP,Germantown Expresso.jpg,0,0,0,1
229,Espresso Shaker Includes Assembly,85,2,ESP,Germantown Expresso.jpg,0,0,0,1
230,Espresso Shaker Includes Assembly,85,2,ESP,Germantown Expresso.jpg,0,0,0,1
231,Espresso Shaker Includes Assembly,95,2,ESP,Germantown Expresso.jpg,0,0,0,1
232,Espresso Shaker Includes Assembly,100,2,ESP,Germantown Expresso.jpg,0,0,0,1
233,Espresso Shaker Includes Assembly,105,2,ESP,Germantown Expresso.jpg,0,0,0,1
234,Espresso Shaker Includes Assembly,125,2,ESP,Germantown Expresso.jpg,0,0,0,1
235,Espresso Shaker Includes Assembly,130,2,ESP,Germantown Expresso.jpg,0,0,0,1
236,Espresso Shaker Includes Assembly,80,2,ESP,Germantown Expresso.jpg,0,0,0,1
237,Espresso Shaker Includes Assembly,190,2,ESP,Germantown Expresso.jpg,0,0,0,1
238,Espresso Shaker Includes Assembly,220,2,ESP,Germantown Expresso.jpg,0,0,0,1
239,Espresso Shaker Includes Assembly,235,2,ESP,Germantown Expresso.jpg,0,0,0,1
240,Espresso Shaker Includes Assembly,235,2,ESP,Germantown Expresso.jpg,0,0,0,1
241,Espresso Shaker Includes Assembly,195,2,ESP,Germantown Expresso.jpg,0,0,0,1
242,Espresso Shaker Includes Assembly,230,2,ESP,Germantown Expresso.jpg,0,0,0,1
243,Espresso Shaker,435,2,ESP,Germantown Expresso.jpg,0,0,0,1
244,Espresso Shaker Includes Assembly,75,2,ESP,Germantown Expresso.jpg,0,0,0,1
245,Espresso Shaker Includes Assembly,75,2,ESP,Germantown Expresso.jpg,0,0,0,1
246,Espresso Shaker Includes Assembly,75,2,ESP,Germantown Expresso.jpg,0,0,0,1
247,Espresso Shaker Includes Assembly,75,2,ESP,Germantown Expresso.jpg,0,0,0,1
248,Espresso Shaker Includes Assembly,75,2,ESP,Germantown Expresso.jpg,0,0,0,1
249,Espresso Shaker Includes Assembly,75,2,ESP,Germantown Expresso.jpg,0,0,0,1
250,Espresso Shaker Includes Assembly,100,2,ESP,Germantown Expresso.jpg,0,0,0,1
251,Espresso Shaker Includes Assembly,100,2,ESP,Germantown Expresso.jpg,0,0,0,1
252,Espresso Shaker Includes Assembly,15,2,ESP,Germantown Expresso.jpg,0,0,0,1
253,Espresso Shaker Includes Assembly,530,2,ESP,Germantown Expresso.jpg,0,0,0,1
254,Espresso Shaker Includes Assembly,105,2,ESP,Germantown Expresso.jpg,0,0,0,1
255,Espresso Shaker Includes Assembly,155,2,ESP,Germantown Expresso.jpg,0,0,0,1
256,Espresso Shaker Includes Assembly,180,2,ESP,Germantown Expresso.jpg,0,0,0,1
257,Espresso Shaker Includes Assembly,70,2,ESP,Germantown Expresso.jpg,0,0,0,1
258,Espresso Shaker Includes Assembly,100,2,ESP,Germantown Expresso.jpg,0,0,0,1
259,Espresso Shaker Includes Assembly,85,2,ESP,Germantown Expresso.jpg,0,0,0,1
260,Espresso Shaker Includes Assembly,85,2,ESP,Germantown Expresso.jpg,0,0,0,1
261,Espresso Shaker Includes Assembly,85,2,ESP,Germantown Expresso.jpg,0,0,0,1
262,Espresso Shaker Includes Assembly,199,2,ESP,Germantown Expresso.jpg,0,0,0,1
263,Espresso Shaker Includes Assembly,199,2,ESP,Germantown Expresso.jpg,0,0,0,1
264,Espresso Shaker Includes Assembly,210,2,ESP,Germantown Expresso.jpg,0,0,0,1
265,Espresso Shaker Includes Assembly,215,2,ESP,Germantown Expresso.jpg,0,0,0,1
266,Espresso Shaker Includes Assembly,225,2,ESP,Germantown Expresso.jpg,0,0,0,1
267,Espresso Shaker Includes Assembly,225,2,ESP,Germantown Expresso.jpg,0,0,0,1
268,Espresso Shaker Includes Assembly,250,2,ESP,Germantown Expresso.jpg,0,0,0,1
269,Espresso Shaker Includes Assembly,275,2,ESP,Germantown Expresso.jpg,0,0,0,1
270,Espresso Shaker Includes Assembly,275,2,ESP,Germantown Expresso.jpg,0,0,0,1
271,Espresso Shaker Includes Assembly,275,2,ESP,Germantown Expresso.jpg,0,0,0,1
272,Espresso Shaker Includes Assembly,80,2,ESP,Germantown Expresso.jpg,0,0,0,1
273,Espresso Shaker Includes Assembly,80,2,ESP,Germantown Expresso.jpg,0,0,0,1
274,Espresso Shaker Includes Assembly,85,2,ESP,Germantown Expresso.jpg,0,0,0,1
275,Espresso Shaker Includes Assembly,90,2,ESP,Germantown Expresso.jpg,0,0,0,1
276,Espresso Shaker Includes Assembly,110,2,ESP,Germantown Expresso.jpg,0,0,0,1
277,Espresso Shaker Includes Assembly,90,2,ESP,Germantown Expresso.jpg,0,0,0,1
278,Espresso Shaker Includes Assembly,90,2,ESP,Germantown Expresso.jpg,0,0,0,1
279,Espresso Shaker Includes Assembly,90,2,ESP,Germantown Expresso.jpg,0,0,0,1
280,Espresso Shaker Includes Assembly,110,2,ESP,Germantown Expresso.jpg,0,0,0,1
281,Espresso Shaker Includes Assembly,70,2,ESP,Germantown Expresso.jpg,0,0,0,1
282,Espresso Shaker Includes Assembly,210,2,ESP,Germantown Expresso.jpg,0,0,0,1
283,Espresso Shaker Includes Assembly,210,2,ESP,Germantown Expresso.jpg,0,0,0,1
284,Espresso Shaker Includes Assembly,95,2,ESP,Germantown Expresso.jpg,0,0,0,1
285,Espresso Shaker Includes Assembly,115,2,ESP,Germantown Expresso.jpg,0,0,0,1
286,Espresso Shaker Includes Assembly,160,2,ESP,Germantown Expresso.jpg,0,0,0,1
287,Espresso Shaker Includes Assembly,95,2,ESP,Germantown Expresso.jpg,0,0,0,1
288,Espresso Shaker Includes Assembly,105,2,ESP,Germantown Expresso.jpg,0,0,0,1
289,Espresso Shaker Includes Assembly,110,2,ESP,Germantown Expresso.jpg,0,0,0,1
290,Espresso Shaker Includes Assembly,20,2,ESP,Germantown Expresso.jpg,0,0,0,1
291,Espresso Shaker Includes Assembly,20,2,ESP,Germantown Expresso.jpg,0,0,0,1
292,Espresso Shaker Includes Assembly,20,2,ESP,Germantown Expresso.jpg,0,0,0,1
293,Espresso Shaker Includes Assembly,25,2,ESP,Germantown Expresso.jpg,0,0,0,1
294,Espresso Shaker Includes Assembly,30,2,ESP,Germantown Expresso.jpg,0,0,0,1
295,Espresso Shaker Includes Assembly,45,2,ESP,Germantown Expresso.jpg,0,0,0,1
296,Espresso Shaker Includes Assembly,50,2,ESP,Germantown Expresso.jpg,0,0,0,1
297,Espresso Shaker Includes Assembly,210,2,ESP,Germantown Expresso.jpg,0,0,0,1
298,Espresso Shaker Includes Assembly,70,2,ESP,Germantown Expresso.jpg,0,0,0,1
299,Espresso Shaker Includes Assembly,230,2,ESP,Germantown Expresso.jpg,0,0,0,1
300,Espresso Shaker Includes Assembly,240,2,ESP,Germantown Expresso.jpg,0,0,0,1
301,Espresso Shaker Includes Assembly,250,2,ESP,Germantown Expresso.jpg,0,0,0,1
302,Espresso Shaker Includes Assembly,120,2,ESP,Germantown Expresso.jpg,0,0,0,1
303,Espresso Shaker Includes Assembly,120,2,ESP,Germantown Expresso.jpg,0,0,0,1
304,Espresso Shaker Includes Assembly,130,2,ESP,Germantown Expresso.jpg,0,0,0,1
305,Espresso Shaker Includes Assembly,70,2,ESP,Germantown Expresso.jpg,0,0,0,1
306,Espresso Shaker Includes Assembly,30,2,ESP,Germantown Expresso.jpg,0,0,0,1
307,Espresso Shaker Includes Assembly,30,2,ESP,Germantown Expresso.jpg,0,0,0,1
308,Espresso Shaker Includes Assembly,50,2,ESP,Germantown Expresso.jpg,0,0,0,1
309,Espresso Shaker Includes Assembly,50,2,ESP,Germantown Expresso.jpg,0,0,0,1
310,Espresso Shaker Includes Assembly,50,2,ESP,Germantown Expresso.jpg,0,0,0,1
311,Espresso Shaker Includes Assembly,50,2,ESP,Germantown Expresso.jpg,0,0,0,1
312,Espresso Shaker Includes Assembly,50,2,ESP,Germantown Expresso.jpg,0,0,0,1
313,Espresso Shaker Includes Assembly,50,2,ESP,Germantown Expresso.jpg,0,0,0,1
314,Espresso Shaker Includes Assembly,50,2,ESP,Germantown Expresso.jpg,0,0,0,1
315,Espresso Shaker Includes Assembly,50,2,ESP,Germantown Expresso.jpg,0,0,0,1
316,Espresso Shaker Includes Assembly,50,2,ESP,Germantown Expresso.jpg,0,0,0,1
317,Espresso Shaker Includes Assembly,50,2,ESP,Germantown Expresso.jpg,0,0,0,1
318,Espresso Shaker Includes Assembly,50,2,ESP,Germantown Expresso.jpg,0,0,0,1
319,Espresso Shaker Includes Assembly,50,2,ESP,Germantown Expresso.jpg,0,0,0,1
320,Espresso Shaker Includes Assembly,50,2,ESP,Germantown Expresso.jpg,0,0,0,1
321,Espresso Shaker Includes Assembly,50,2,ESP,Germantown Expresso.jpg,0,0,0,1
322,Espresso Shaker Includes Assembly,100,2,ESP,Germantown Expresso.jpg,0,0,0,1
323,Espresso Shaker Includes Assembly,100,2,ESP,Germantown Expresso.jpg,0,0,0,1
324,Espresso Shaker Includes Assembly,100,2,ESP,Germantown Expresso.jpg,0,0,0,1
325,Espresso Shaker Includes Assembly,100,2,ESP,Germantown Expresso.jpg,0,0,0,1
326,Espresso Shaker Includes Assembly,125,2,ESP,Germantown Expresso.jpg,0,0,0,1
327,Espresso Shaker Includes Assembly,125,2,ESP,Germantown Expresso.jpg,0,0,0,1
328,Espresso Shaker Includes Assembly,125,2,ESP,Germantown Expresso.jpg,0,0,0,1
329,Espresso Shaker Includes Assembly,150,2,ESP,Germantown Expresso.jpg,0,0,0,1
330,Espresso Shaker Includes Assembly,150,2,ESP,Germantown Expresso.jpg,0,0,0,1
331,Espresso Shaker Includes Assembly,125,2,ESP,Germantown Expresso.jpg,0,0,0,1
332,Espresso Shaker Includes Assembly,125,2,ESP,Germantown Expresso.jpg,0,0,0,1
333,Espresso Shaker Includes Assembly,125,2,ESP,Germantown Expresso.jpg,0,0,0,1
334,Espresso Shaker Includes Assembly,65,2,ESP,Germantown Expresso.jpg,0,0,0,1
335,Espresso Shaker Includes Assembly,65,2,ESP,Germantown Expresso.jpg,0,0,0,1
336,Espresso Shaker Includes Assembly,65,2,ESP,Germantown Expresso.jpg,0,0,0,1
337,Espresso Shaker Includes Assembly,15,2,ESP,Germantown Expresso.jpg,0,0,0,1
338,Espresso Shaker Includes Assembly,15,2,ESP,Germantown Expresso.jpg,0,0,0,1
339,Espresso Shaker Includes Assembly,25,2,ESP,Germantown Expresso.jpg,0,0,0,1
340,Espresso Shaker Includes Assembly,25,2,ESP,Germantown Expresso.jpg,0,0,0,1
341,Espresso Shaker Includes Assembly,25,2,ESP,Germantown Expresso.jpg,0,0,0,1
342,Espresso Shaker Includes Assembly,50,2,ESP,Germantown Expresso.jpg,0,0,0,1
343,Espresso Shaker,405,2,ESP,Germantown Expresso.jpg,0,0,0,1
344,Espresso Shaker,435,2,ESP,Germantown Expresso.jpg,0,0,0,1
345,Espresso Shaker Includes Assembly,80,2,ESP,Germantown Expresso.jpg,0,0,0,1
346,Espresso Shaker Includes Assembly,60,2,ESP,Germantown Expresso.jpg,0,0,0,1
347,Espresso Shaker Includes Assembly,110,2,ESP,Germantown Expresso.jpg,0,0,0,1
348,Espresso Shaker Includes Assembly,115,2,ESP,Germantown Expresso.jpg,0,0,0,1
349,Espresso Shaker Includes Assembly,125,2,ESP,Germantown Expresso.jpg,0,0,0,1
350,Espresso Shaker Includes Assembly,130,2,ESP,Germantown Expresso.jpg,0,0,0,1
351,Espresso Shaker Includes Assembly,85,2,ESP,Germantown Expresso.jpg,0,0,0,1
352,Espresso Shaker Includes Assembly,70,2,ESP,Germantown Expresso.jpg,0,0,0,1
353,Espresso Shaker Includes Assembly,90,2,ESP,Germantown Expresso.jpg,0,0,0,1
354,Espresso Shaker Includes Assembly,90,2,ESP,Germantown Expresso.jpg,0,0,0,1
355,Espresso Shaker Includes Assembly,130,2,ESP,Germantown Expresso.jpg,0,0,0,1
356,Espresso Shaker Includes Assembly,85,2,ESP,Germantown Expresso.jpg,0,0,0,1
357,Espresso Shaker Includes Assembly,85,2,ESP,Germantown Expresso.jpg,0,0,0,1
358,Espresso Shaker Includes Assembly,50,2,ESP,Germantown Expresso.jpg,0,0,0,1
359,Espresso Shaker Includes Assembly,50,2,ESP,Germantown Expresso.jpg,0,0,0,1
360,Espresso Shaker Includes Assembly,50,2,ESP,Germantown Expresso.jpg,0,0,0,1
361,Espresso Shaker Includes Assembly,90,2,ESP,Germantown Expresso.jpg,0,0,0,1
362,Espresso Shaker Includes Assembly,95,2,ESP,Germantown Expresso.jpg,0,0,0,1
363,Espresso Shaker Includes Assembly,100,2,ESP,Germantown Expresso.jpg,0,0,0,1
364,Espresso Shaker Includes Assembly,105,2,ESP,Germantown Expresso.jpg,0,0,0,1
365,Espresso Shaker Includes Assembly,110,2,ESP,Germantown Expresso.jpg,0,0,0,1
366,Espresso Shaker Includes Assembly,80,2,ESP,Germantown Expresso.jpg,0,0,0,1
367,Espresso Shaker Includes Assembly,50,2,ESP,Germantown Expresso.jpg,0,0,0,1
368,Espresso Shaker Includes Assembly,50,2,ESP,Germantown Expresso.jpg,0,0,0,1
369,Espresso Shaker Includes Assembly,50,2,ESP,Germantown Expresso.jpg,0,0,0,1
370,Espresso Shaker Includes Assembly,40,2,ESP,Germantown Expresso.jpg,0,0,0,1
371,Espresso Shaker Includes Assembly,45,2,ESP,Germantown Expresso.jpg,0,0,0,1
372,Espresso Shaker Includes Assembly,50,2,ESP,Germantown Expresso.jpg,0,0,0,1
373,Espresso Shaker Includes Assembly,60,2,ESP,Germantown Expresso.jpg,0,0,0,1
374,Espresso Shaker Includes Assembly,65,2,ESP,Germantown Expresso.jpg,0,0,0,1
375,Espresso Shaker Includes Assembly,65,2,ESP,Germantown Expresso.jpg,0,0,0,1
376,Espresso Shaker Includes Assembly,65,2,ESP,Germantown Expresso.jpg,0,0,0,1
377,Espresso Shaker Includes Assembly,250,2,ESP,Germantown Expresso.jpg,0,0,0,1
378,Espresso Shaker Includes Assembly,475,2,ESP,Germantown Expresso.jpg,0,0,0,1
379,Espresso Shaker Includes Assembly,120,2,ESP,Germantown Expresso.jpg,0,0,0,1
380,Espresso Shaker Includes Assembly,180,2,ESP,Germantown Expresso.jpg,0,0,0,1
381,Espresso Shaker Includes Assembly,190,2,ESP,Germantown Expresso.jpg,0,0,0,1
382,Espresso Shaker Includes Assembly,75,2,ESP,Germantown Expresso.jpg,0,0,0,1
383,Espresso Shaker Includes Assembly,90,2,ESP,Germantown Expresso.jpg,0,0,0,1
384,Espresso Shaker Includes Assembly,115,2,ESP,Germantown Expresso.jpg,0,0,0,1
385,Espresso Shaker Includes Assembly,75,2,ESP,Germantown Expresso.jpg,0,0,0,1
386,Espresso Shaker Includes Assembly,75,2,ESP,Germantown Expresso.jpg,0,0,0,1
387,Espresso Shaker Includes Assembly,75,2,ESP,Germantown Expresso.jpg,0,0,0,1
388,Espresso Shaker Includes Assembly,75,2,ESP,Germantown Expresso.jpg,0,0,0,1
389,Espresso Shaker Includes Assembly,75,2,ESP,Germantown Expresso.jpg,0,0,0,1
390,Espresso Shaker Includes Assembly,75,2,ESP,Germantown Expresso.jpg,0,0,0,1
391,Espresso Shaker Includes Assembly,75,2,ESP,Germantown Expresso.jpg,0,0,0,1
392,Espresso Shaker Includes Assembly,90,2,ESP,Germantown Expresso.jpg,0,0,0,1
393,Espresso Shaker Includes Assembly,50,2,ESP,Germantown Expresso.jpg,0,0,0,1
394,Espresso Shaker Includes Assembly,50,2,ESP,Germantown Expresso.jpg,0,0,0,1
395,Espresso Shaker Includes Assembly,50,2,ESP,Germantown Expresso.jpg,0,0,0,1
396,Espresso Shaker Includes Assembly,40,2,ESP,Germantown Expresso.jpg,0,0,0,1
397,Espresso Shaker Includes Assembly,40,2,ESP,Germantown Expresso.jpg,0,0,0,1
398,Espresso Shaker Includes Assembly,40,2,ESP,Germantown Expresso.jpg,0,0,0,1
399,Espresso Shaker Includes Assembly,80,2,ESP,Germantown Expresso.jpg,0,0,0,1
400,Espresso Shaker Includes Assembly,80,2,ESP,Germantown Expresso.jpg,0,0,0,1
401,Espresso Shaker Includes Assembly,80,2,ESP,Germantown Expresso.jpg,0,0,0,1
402,Espresso Shaker Includes Assembly,80,2,ESP,Germantown Expresso.jpg,0,0,0,1
403,Espresso Shaker Includes Assembly,30,2,ESP,Germantown Expresso.jpg,0,0,0,1
404,Espresso Shaker Includes Assembly,130,2,ESP,Germantown Expresso.jpg,0,0,0,1
405,Espresso Shaker Includes Assembly,85,2,ESP,Germantown Expresso.jpg,0,0,0,1
406,Espresso Shaker Includes Assembly,75,2,ESP,Germantown Expresso.jpg,0,0,0,1
407,Espresso Shaker Includes Assembly,75,2,ESP,Germantown Expresso.jpg,0,0,0,1
408,Espresso Shaker Includes Assembly,90,2,ESP,Germantown Expresso.jpg,0,0,0,1
409,Espresso Shaker Includes Assembly,95,2,ESP,Germantown Expresso.jpg,0,0,0,1
410,Espresso Shaker Includes Assembly,95,2,ESP,Germantown Expresso.jpg,0,0,0,1
411,Espresso Shaker Includes Assembly,105,2,ESP,Germantown Expresso.jpg,0,0,0,1
412,Espresso Shaker Includes Assembly,115,2,ESP,Germantown Expresso.jpg,0,0,0,1
413,Espresso Shaker Includes Assembly,115,2,ESP,Germantown Expresso.jpg,0,0,0,1
414,Espresso Shaker Includes Assembly,130,2,ESP,Germantown Expresso.jpg,0,0,0,1
415,Espresso Shaker Includes Assembly,55,2,ESP,Germantown Expresso.jpg,0,0,0,1
416,Espresso Shaker Includes Assembly,50,2,ESP,Germantown Expresso.jpg,0,0,0,1
417,Espresso Shaker Includes Assembly,75,2,ESP,Germantown Expresso.jpg,0,0,0,1
418,Espresso Shaker Includes Assembly,175,2,ESP,Germantown Expresso.jpg,0,0,0,1
419,Espresso Shaker Includes Assembly,550,2,ESP,Germantown Expresso.jpg,0,0,0,1
420,Espresso Shaker Includes Assembly,175,2,ESP,Germantown Expresso.jpg,0,0,0,1
421,Espresso Shaker Includes Assembly,125,2,ESP,Germantown Expresso.jpg,0,0,0,1
422,Espresso Shaker,120,2,ESP,Germantown Expresso.jpg,0,0,0,1
423,Espresso Shaker Includes Assembly,125,2,ESP,Germantown Expresso.jpg,0,0,0,1
424,Espresso Shaker,120,2,ESP,Germantown Expresso.jpg,0,0,0,1
425,Espresso Shaker Includes Assembly,95,2,ESP,Germantown Expresso.jpg,0,0,0,1
426,Espresso Shaker Includes Assembly,95,2,ESP,Germantown Expresso.jpg,0,0,0,1
427,Espresso Shaker Includes Assembly,95,2,ESP,Germantown Expresso.jpg,0,0,0,1
428,Espresso Shaker Includes Assembly,95,2,ESP,Germantown Expresso.jpg,0,0,0,1
429,Espresso Shaker Includes Assembly,95,2,ESP,Germantown Expresso.jpg,0,0,0,1
430,Espresso Shaker Includes Assembly,95,2,ESP,Germantown Expresso.jpg,0,0,0,1
431,Espresso Shaker Includes Assembly,215,2,ESP,Germantown Expresso.jpg,0,0,0,1
432,Espresso Shaker Includes Assembly,215,2,ESP,Germantown Expresso.jpg,0,0,0,1
433,Espresso Shaker Includes Assembly,215,2,ESP,Germantown Expresso.jpg,0,0,0,1
434,Espresso Shaker Includes Assembly,120,2,ESP,Germantown Expresso.jpg,0,0,0,1
435,Espresso Shaker Includes Assembly,120,2,ESP,Germantown Expresso.jpg,0,0,0,1
436,Espresso Shaker Includes Assembly,120,2,ESP,Germantown Expresso.jpg,0,0,0,1
437,Espresso Shaker Includes Assembly,15,2,ESP,Germantown Expresso.jpg,0,0,0,1
438,Espresso Shaker,160,2,ESP,Germantown Expresso.jpg,0,0,0,1
439,Espresso Shaker,160,2,ESP,Germantown Expresso.jpg,0,0,0,1
440,Espresso Shaker,160,2,ESP,Germantown Expresso.jpg,0,0,0,1
441,Espresso Shaker,160,2,ESP,Germantown Expresso.jpg,0,0,0,1
442,Espresso Shaker Includes Assembly,310,2,ESP,Germantown Expresso.jpg,0,1,0,1
443,Espresso Shaker Includes Assembly,310,2,ESP,Germantown Expresso.jpg,0,1,0,1
444,Espresso Shaker Includes Assembly,310,2,ESP,Germantown Expresso.jpg,0,1,0,1
445,Espresso Shaker Includes Assembly,310,2,ESP,Germantown Expresso.jpg,0,1,0,1
446,Espresso Shaker Includes Assembly,310,2,ESP,Germantown Expresso.jpg,0,1,0,1
447,Espresso Shaker Includes Assembly,310,2,ESP,Germantown Expresso.jpg,0,1,0,1
448,Espresso Shaker Includes Assembly,310,2,ESP,Germantown Expresso.jpg,0,1,0,1
449,Espresso Shaker Includes Assembly,310,2,ESP,Germantown Expresso.jpg,0,1,0,1
450,Espresso Shaker Includes Assembly,70,2,ESP,Germantown Expresso.jpg,0,0,0,1
451,Espresso Shaker Includes Assembly,155,2,ESP,Germantown Expresso.jpg,0,0,0,1
452,Espresso Shaker Includes Assembly,165,2,ESP,Germantown Expresso.jpg,0,0,0,1
453,Espresso Shaker Includes Assembly,165,2,ESP,Germantown Expresso.jpg,0,0,0,1
454,Espresso Shaker Includes Assembly,165,2,ESP,Germantown Expresso.jpg,0,0,0,1
455,Espresso Shaker Includes Assembly,165,2,ESP,Germantown Expresso.jpg,0,0,0,1
456,Espresso Shaker Includes Assembly,155,2,ESP,Germantown Expresso.jpg,0,0,0,1
457,Espresso Shaker Includes Assembly,155,2,ESP,Germantown Expresso.jpg,0,0,0,1
458,Espresso Shaker Includes Assembly,75,2,ESP,Germantown Expresso.jpg,0,0,0,1
459,Espresso Shaker Includes Assembly,550,2,ESP,Germantown Expresso.jpg,0,0,0,1
460,Espresso Shaker Includes Assembly,50,2,ESP,Germantown Expresso.jpg,0,0,0,1
461,Espresso Shaker Includes Assembly,70,2,ESP,Germantown Expresso.jpg,0,0,0,1
